Release Date,Time,Actual,Forecast,Previous
12-Mar-25,8:30,,,3.614M
5-Mar-25,10:30,3.614M,0.600M,-2.332M
26-Feb-25,10:00,-2.332M,2.500M,4.633M
20-Feb-25,12:00,4.633M,3.200M,4.070M
12-Feb-25,10:30,4.070M,2.400M,8.664M
5-Feb-25,10:30,8.664M,2.400M,3.463M
29-Jan-25,10:30,3.463M,2.200M,-1.017M
23-Jan-25,12:00,-1.017M,-2.100M,-1.962M
15-Jan-25,10:30,-1.962M,-3.500M,-0.959M
8-Jan-25,10:30,-0.959M,-1.800M,-1.178M
2-Jan-25,11:00,-1.178M,-2.400M,-4.237M
27-Dec-24,13:00,-4.237M,-0.700M,-0.934M
18-Dec-24,10:30,-0.934M,-1.600M,-1.425M
11-Dec-24,10:30,-1.425M,-1.000M,-5.073M
4-Dec-24,10:30,-5.073M,-1.600M,-1.844M
27-Nov-24,10:30,-1.844M,-1.300M,0.545M
20-Nov-24,10:30,0.545M,0.400M,2.089M
14-Nov-24,11:00,2.089M,0.400M,2.149M
6-Nov-24,10:30,2.149M,0.300M,-0.515M
30-Oct-24,9:30,-0.515M,1.500M,5.474M
23-Oct-24,9:30,5.474M,0.800M,-2.191M
17-Oct-24,10:00,-2.191M,1.800M,5.810M
9-Oct-24,9:30,5.810M,2.000M,3.889M
2-Oct-24,9:30,3.889M,-1.500M,-4.471M
25-Sep-24,9:30,-4.471M,-1.300M,-1.630M
18-Sep-24,9:30,-1.630M,-0.200M,0.833M
11-Sep-24,9:30,0.833M,0.900M,-6.873M
5-Sep-24,10:00,-6.873M,-0.600M,-0.846M
28-Aug-24,9:30,-0.846M,-2.700M,-4.649M
21-Aug-24,9:30,-4.649M,-2.000M,1.357M
14-Aug-24,9:30,1.357M,-1.900M,-3.728M
7-Aug-24,9:30,-3.728M,-1.600M,-3.436M
31-Jul-24,9:30,-3.436M,-1.600M,-3.741M
24-Jul-24,9:30,-3.741M,-2.600M,-4.870M
17-Jul-24,9:30,-4.870M,-0.900M,-3.443M
10-Jul-24,9:30,-3.443M,0.700M,-12.157M
3-Jul-24,9:30,-12.157M,-0.400M,3.591M
26-Jun-24,9:30,3.591M,-2.600M,-2.547M
20-Jun-24,10:00,-2.547M,-2.800M,3.730M
12-Jun-24,9:30,3.730M,-1.200M,1.233M
5-Jun-24,9:30,1.233M,-2.100M,-4.156M
30-May-24,10:00,-4.156M,-1.600M,1.825M
22-May-24,9:30,1.825M,-2.400M,-2.508M
15-May-24,9:30,-2.508M,-0.400M,-1.362M
8-May-24,9:30,-1.362M,-1.430M,7.265M
1-May-24,9:30,7.265M,-2.300M,-6.368M
24-Apr-24,9:30,-6.368M,1.600M,2.735M
17-Apr-24,9:30,2.735M,1.600M,5.841M
10-Apr-24,9:30,5.841M,0.900M,3.210M
3-Apr-24,9:30,3.210M,-0.300M,3.165M
27-Mar-24,9:30,3.165M,-0.700M,-1.952M
20-Mar-24,9:30,-1.952M,-0.900M,-1.536M
13-Mar-24,9:30,-1.536M,0.900M,1.367M
6-Mar-24,10:30,1.367M,2.400M,4.199M
28-Feb-24,10:30,4.199M,3.100M,3.514M
22-Feb-24,11:00,3.514M,3.879M,12.018M
14-Feb-24,10:30,12.018M,3.300M,5.521M
7-Feb-24,10:30,5.520M,1.700M,1.234M
31-Jan-24,10:30,1.234M,-0.217M,-9.233M
24-Jan-24,10:30,-9.233M,-2.150M,-2.492M
18-Jan-24,11:00,-2.492M,-0.313M,1.338M
10-Jan-24,10:30,1.338M,-0.675M,-5.503M
4-Jan-24,11:00,-5.503M,-3.725M,-7.114M
28-Dec-23,11:00,-7.114M,-2.704M,2.909M
20-Dec-23,10:30,2.909M,-2.283M,-4.259M
13-Dec-23,10:30,-4.259M,-0.650M,-4.632M
6-Dec-23,10:30,-4.632M,-1.354M,1.609M
29-Nov-23,10:30,1.609M,-0.933M,8.701M
22-Nov-23,10:30,8.701M,1.160M,3.592M
15-Nov-23,10:30,3.600M,1.793M,13.869M
15-Nov-23,10:29,13.869M,,0.774M
1-Nov-23,9:30,0.774M,1.261M,1.371M
25-Oct-23,9:30,1.371M,0.239M,-4.491M
18-Oct-23,9:30,-4.491M,-0.300M,10.176M
12-Oct-23,10:00,10.176M,0.492M,-2.224M
4-Oct-23,9:30,-2.224M,-0.446M,-2.170M
27-Sep-23,9:30,-2.170M,-1.320M,-2.135M
20-Sep-23,9:30,-2.135M,-2.200M,3.954M
13-Sep-23,9:30,3.954M,-1.912M,-6.307M
7-Sep-23,10:00,-6.307M,-2.064M,-10.584M
30-Aug-23,9:30,-10.584M,-3.267M,-6.135M
23-Aug-23,9:30,-6.135M,-2.850M,-5.960M
16-Aug-23,9:30,-5.960M,-2.320M,5.851M
9-Aug-23,9:30,5.851M,0.567M,-17.049M
2-Aug-23,9:30,-17.049M,-1.367M,-0.600M
26-Jul-23,9:30,-0.600M,-2.348M,-0.708M
19-Jul-23,9:30,-0.708M,-2.440M,5.946M
12-Jul-23,9:30,5.946M,0.483M,-1.508M
6-Jul-23,10:00,-1.508M,-0.983M,-9.603M
28-Jun-23,9:30,-9.603M,-1.757M,-3.831M
22-Jun-23,10:00,-3.831M,0.329M,7.919M
14-Jun-23,9:30,7.919M,1.482M,-0.451M
7-Jun-23,9:30,-0.451M,1.022M,4.488M
1-Jun-23,10:00,4.488M,-1.101M,-12.456M
24-May-23,9:30,-12.456M,-0.920M,5.040M
17-May-23,9:30,5.040M,-0.920M,2.951M
10-May-23,9:30,2.951M,-0.917M,-1.280M
3-May-23,9:30,-1.280M,-1.100M,-5.054M
26-Apr-23,9:30,-5.054M,-1.486M,-4.581M
19-Apr-23,9:30,-4.581M,-1.088M,0.597M
12-Apr-23,9:30,0.597M,-0.583M,-3.739M
5-Apr-23,9:30,-3.739M,-2.329M,-7.489M
29-Mar-23,9:30,-7.489M,0.092M,1.117M
22-Mar-23,9:30,1.117M,-1.565M,1.550M
15-Mar-23,9:30,1.550M,1.188M,-1.694M
8-Mar-23,10:30,-1.694M,0.395M,1.165M
1-Mar-23,10:30,1.165M,0.457M,7.648M
23-Feb-23,11:00,7.648M,2.083M,16.283M
15-Feb-23,10:30,16.283M,1.166M,2.423M
8-Feb-23,10:30,2.423M,2.457M,4.140M
1-Feb-23,10:30,4.140M,0.376M,0.533M
25-Jan-23,10:30,0.533M,0.971M,8.408M
19-Jan-23,11:00,8.408M,-0.593M,18.962M
11-Jan-23,10:30,18.962M,-2.243M,1.694M
5-Jan-23,11:00,1.694M,1.154M,0.718M
29-Dec-22,11:00,0.718M,-1.520M,-5.894M
21-Dec-22,10:30,-5.894M,-1.657M,10.231M
14-Dec-22,10:30,10.231M,-3.595M,-5.187M
7-Dec-22,10:30,-5.187M,-3.305M,-12.580M
30-Nov-22,10:30,-12.580M,-2.758M,-3.691M
23-Nov-22,10:30,-3.691M,-1.055M,-5.400M
16-Nov-22,10:30,-5.400M,-0.440M,3.925M
9-Nov-22,10:30,3.925M,1.360M,-3.115M
2-Nov-22,9:30,-3.115M,0.367M,2.588M
26-Oct-22,9:30,2.588M,1.029M,-1.725M
19-Oct-22,9:30,-1.725M,1.380M,9.880M
13-Oct-22,10:00,9.880M,1.750M,-1.356M
5-Oct-22,9:30,-1.356M,2.052M,-0.215M
28-Sep-22,9:30,-0.215M,0.443M,1.142M
21-Sep-22,9:30,1.142M,2.161M,2.442M
14-Sep-22,9:30,2.442M,0.833M,8.844M
8-Sep-22,10:00,8.844M,-0.250M,-3.326M
31-Aug-22,9:30,-3.326M,-1.483M,-3.282M
24-Aug-22,9:30,-3.282M,-0.933M,-7.056M
17-Aug-22,9:30,-7.056M,-0.275M,5.458M
10-Aug-22,9:30,5.458M,0.073M,4.467M
3-Aug-22,9:30,4.467M,-0.629M,-4.523M
27-Jul-22,9:30,-4.523M,-1.037M,-0.446M
20-Jul-22,9:30,-0.446M,1.357M,3.254M
13-Jul-22,9:30,3.254M,-0.154M,8.235M
7-Jul-22,10:00,8.235M,-1.043M,-2.762M
29-Jun-22,9:30,-2.762M,-0.569M,-0.386M
29-Jun-22,9:25,-0.386M,,1.956M
15-Jun-22,9:30,1.956M,-1.314M,2.025M
8-Jun-22,9:30,2.025M,-1.917M,-5.068M
2-Jun-22,10:00,-5.068M,-1.350M,-1.019M
25-May-22,9:30,-1.019M,-0.737M,-3.394M
18-May-22,9:30,-3.394M,1.383M,8.487M
11-May-22,9:30,8.487M,-0.457M,1.302M
4-May-22,9:30,1.302M,-0.829M,0.692M
27-Apr-22,9:30,0.692M,2.000M,-8.020M
20-Apr-22,9:30,-8.020M,2.471M,9.382M
13-Apr-22,9:30,9.382M,0.863M,2.421M
6-Apr-22,9:30,2.421M,-2.056M,-3.449M
30-Mar-22,9:30,-3.449M,-1.022M,-2.508M
23-Mar-22,9:30,-2.508M,0.114M,4.345M
16-Mar-22,9:30,4.345M,-1.375M,-1.863M
9-Mar-22,10:30,-1.863M,-0.657M,-2.597M
2-Mar-22,10:30,-2.597M,2.748M,4.515M
24-Feb-22,11:00,4.515M,0.442M,1.121M
16-Feb-22,10:30,1.121M,-1.572M,-4.756M
9-Feb-22,10:30,-4.756M,0.369M,-1.046M
2-Feb-22,10:30,-1.046M,1.525M,2.377M
26-Jan-22,10:30,2.377M,-0.728M,0.515M
20-Jan-22,11:00,0.515M,-0.938M,-4.553M
12-Jan-22,10:30,-4.553M,-1.904M,-2.144M
5-Jan-22,10:30,-2.144M,-3.283M,-3.576M
29-Dec-21,10:30,-3.576M,-3.233M,-4.715M
22-Dec-21,10:30,-4.715M,-2.750M,-4.584M
15-Dec-21,10:30,-4.584M,-2.082M,-0.240M
8-Dec-21,10:30,-0.240M,-1.705M,-0.910M
1-Dec-21,10:30,-0.910M,-1.237M,1.017M
24-Nov-21,10:30,1.017M,-0.481M,-2.101M
17-Nov-21,10:30,-2.101M,1.398M,1.001M
10-Nov-21,10:30,1.001M,2.125M,3.291M
3-Nov-21,9:30,3.291M,2.225M,4.267M
27-Oct-21,9:30,4.267M,1.914M,-0.431M
20-Oct-21,9:30,-0.431M,1.857M,6.088M
14-Oct-21,10:00,6.088M,0.702M,2.346M
6-Oct-21,9:30,2.346M,-0.418M,4.578M
29-Sep-21,9:30,4.578M,-1.652M,-3.481M
22-Sep-21,9:30,-3.481M,-2.440M,-6.422M
15-Sep-21,9:30,-6.422M,-3.544M,-1.529M
9-Sep-21,10:00,-1.529M,-4.612M,-7.169M
1-Sep-21,9:30,-7.169M,-3.088M,-2.979M
25-Aug-21,9:30,-2.979M,-2.683M,-3.234M
18-Aug-21,9:30,-3.234M,-1.055M,-0.447M
11-Aug-21,9:30,-0.447M,-1.271M,3.626M
4-Aug-21,9:30,3.626M,-3.102M,-4.089M
28-Jul-21,9:30,-4.089M,-2.928M,2.108M
21-Jul-21,9:30,2.108M,-4.466M,-7.897M
14-Jul-21,9:30,-7.897M,-4.359M,-6.866M
8-Jul-21,10:00,-6.866M,-4.033M,-6.718M
30-Jun-21,9:30,-6.718M,-4.686M,-7.614M
23-Jun-21,9:30,-7.614M,-3.942M,-7.355M
16-Jun-21,9:30,-7.355M,-3.290M,-5.241M
9-Jun-21,9:30,-5.241M,-2.036M,-5.080M
3-Jun-21,10:00,-5.080M,-2.443M,-1.662M
26-May-21,9:30,-1.662M,-1.050M,-0.426M
19-May-21,9:30,1.321M,1.623M,-0.427M
12-May-21,9:30,-0.427M,-2.817M,-7.990M
5-May-21,9:30,-7.990M,-2.346M,0.090M
28-Apr-21,9:30,0.090M,0.659M,0.594M
21-Apr-21,9:30,0.594M,-2.975M,-5.889M
14-Apr-21,9:30,-5.889M,-2.889M,-3.522M
7-Apr-21,9:30,-3.522M,-1.436M,-0.876M
31-Mar-21,9:30,-0.876M,0.107M,1.912M
24-Mar-21,9:30,1.912M,-0.272M,2.396M
17-Mar-21,9:30,2.396M,2.964M,13.798M
10-Mar-21,10:30,13.798M,0.816M,21.563M
3-Mar-21,10:30,21.563M,-0.928M,1.285M
24-Feb-21,10:30,1.285M,-5.190M,-7.258M
18-Feb-21,11:00,-7.258M,-2.429M,-6.644M
10-Feb-21,10:30,-6.644M,0.985M,-0.994M
3-Feb-21,10:30,-0.994M,0.446M,-9.910M
27-Jan-21,10:30,-9.910M,0.430M,4.351M
22-Jan-21,11:00,4.351M,-1.167M,-3.247M
13-Jan-21,10:30,-3.247M,-2.266M,-8.010M
6-Jan-21,10:30,-8.010M,-2.133M,-6.065M
30-Dec-20,10:30,-6.065M,-2.583M,-0.562M
23-Dec-20,10:30,-0.562M,-3.186M,-3.135M
16-Dec-20,10:30,-3.135M,-1.937M,15.189M
9-Dec-20,10:30,15.189M,-1.424M,-0.679M
2-Dec-20,10:30,-0.679M,-2.358M,-0.754M
25-Nov-20,10:30,-0.754M,0.127M,0.768M
18-Nov-20,10:30,0.768M,1.650M,4.278M
12-Nov-20,11:00,4.278M,-0.913M,-7.998M
4-Nov-20,10:30,-7.998M,0.890M,4.320M
28-Oct-20,9:30,4.320M,1.230M,-1.001M
21-Oct-20,9:30,-1.001M,-1.021M,-3.818M
15-Oct-20,10:00,-3.818M,-2.835M,0.501M
7-Oct-20,9:30,0.501M,0.294M,-1.980M
30-Sep-20,9:30,-1.980M,1.569M,-1.639M
23-Sep-20,9:30,-1.639M,-2.325M,-4.389M
16-Sep-20,9:30,-4.389M,1.271M,2.032M
10-Sep-20,10:00,2.032M,-1.335M,-9.362M
2-Sep-20,9:30,-9.362M,-1.887M,-4.689M
26-Aug-20,9:30,-4.689M,-3.694M,-1.632M
19-Aug-20,9:30,-1.632M,-2.670M,-4.512M
12-Aug-20,9:30,-4.512M,-2.875M,-7.373M
5-Aug-20,9:30,-7.373M,-3.001M,-10.612M
29-Jul-20,9:30,-10.612M,0.357M,4.892M
22-Jul-20,9:30,4.892M,-2.088M,-7.493M
15-Jul-20,9:30,-7.493M,-2.098M,5.654M
8-Jul-20,9:30,5.654M,-3.114M,-7.195M
1-Jul-20,9:30,-7.195M,-0.710M,1.442M
24-Jun-20,9:30,1.442M,0.299M,1.215M
17-Jun-20,9:30,1.215M,-0.152M,5.720M
10-Jun-20,9:30,5.720M,-1.738M,-2.077M
3-Jun-20,9:30,-2.077M,3.038M,7.928M
28-May-20,10:00,7.928M,-1.944M,-4.983M
20-May-20,9:30,-4.983M,1.151M,-0.745M
13-May-20,9:30,-0.745M,4.147M,4.590M
6-May-20,9:30,4.590M,7.759M,8.991M
29-Apr-20,9:30,8.991M,10.619M,15.022M
22-Apr-20,9:30,15.022M,15.150M,19.248M
15-Apr-20,9:30,19.248M,11.676M,15.177M
8-Apr-20,9:30,15.177M,9.271M,13.834M
1-Apr-20,9:30,13.834M,3.997M,1.623M
25-Mar-20,9:30,1.623M,2.774M,1.954M
18-Mar-20,9:30,1.954M,3.256M,7.664M
11-Mar-20,9:30,7.664M,2.266M,0.785M
4-Mar-20,10:30,0.785M,2.644M,0.452M
26-Feb-20,10:30,0.452M,2.005M,0.414M
20-Feb-20,11:00,0.414M,2.494M,7.459M
12-Feb-20,10:30,7.459M,2.987M,3.355M
5-Feb-20,10:30,3.355M,2.831M,3.548M
29-Jan-20,10:30,3.548M,0.482M,-0.405M
23-Jan-20,11:00,-0.405M,-1.009M,-2.549M
15-Jan-20,10:30,-2.549M,-0.474M,1.164M
8-Jan-20,10:30,1.164M,-3.572M,-11.463M
3-Jan-20,11:00,-11.463M,-3.288M,-5.474M
27-Dec-19,11:00,-5.474M,-1.724M,-1.085M
18-Dec-19,10:30,-1.085M,-1.288M,0.822M
11-Dec-19,10:30,0.822M,-2.763M,-4.856M
4-Dec-19,10:30,-4.856M,-1.734M,1.572M
27-Nov-19,10:30,1.572M,-0.418M,1.379M
20-Nov-19,10:30,1.379M,1.543M,2.219M
14-Nov-19,11:00,2.219M,1.649M,7.929M
6-Nov-19,10:30,7.929M,1.515M,5.702M
30-Oct-19,9:30,5.702M,0.494M,-1.699M
23-Oct-19,9:30,-1.699M,2.232M,9.281M
17-Oct-19,10:00,9.281M,2.878M,2.927M
9-Oct-19,9:30,2.927M,1.413M,3.100M
2-Oct-19,9:30,3.100M,1.567M,2.412M
25-Sep-19,9:30,2.412M,-0.249M,1.058M
18-Sep-19,9:30,1.058M,-2.496M,-6.912M
11-Sep-19,9:30,-6.912M,-2.686M,-4.771M
5-Sep-19,10:00,-4.771M,-2.488M,-10.027M
28-Aug-19,9:30,-10.027M,-2.112M,-2.700M
21-Aug-19,9:30,-2.700M,-1.889M,1.580M
14-Aug-19,9:30,1.580M,-2.775M,2.385M
7-Aug-19,9:30,2.385M,-2.845M,-8.496M
31-Jul-19,9:30,-8.496M,-2.588M,-10.835M
24-Jul-19,9:30,-10.835M,-4.011M,-3.116M
17-Jul-19,9:30,-3.116M,-2.694M,-9.499M
10-Jul-19,9:30,-9.499M,-3.081M,-1.085M
3-Jul-19,9:30,-1.085M,-2.964M,-12.788M
26-Jun-19,9:30,-12.788M,-2.540M,-3.106M
19-Jun-19,9:30,-3.106M,-1.077M,2.206M
12-Jun-19,9:30,2.206M,-0.481M,6.771M
5-Jun-19,9:30,6.771M,-0.849M,-0.282M
30-May-19,10:00,-0.282M,-0.857M,4.740M
22-May-19,9:30,4.740M,-0.599M,5.431M
15-May-19,9:30,5.431M,-0.800M,-3.963M
8-May-19,9:30,-3.963M,1.215M,9.934M
1-May-19,9:30,9.900M,1.485M,5.479M
24-Apr-19,9:30,5.479M,1.255M,-1.396M
17-Apr-19,9:30,-1.396M,-1.200M,7.029M
10-Apr-19,9:30,7.029M,2.294M,7.238M
3-Apr-19,9:30,7.238M,-0.425M,2.800M
27-Mar-19,9:30,2.800M,-1.100M,-9.589M
20-Mar-19,9:30,-9.589M,0.309M,-3.862M
13-Mar-19,9:30,-3.862M,2.655M,7.069M
6-Mar-19,10:30,7.069M,1.203M,-8.647M
27-Feb-19,10:30,-8.647M,2.842M,3.672M
21-Feb-19,11:00,3.672M,3.080M,3.633M
13-Feb-19,10:30,3.633M,2.668M,1.263M
6-Feb-19,10:30,1.263M,2.179M,0.919M
30-Jan-19,10:30,0.919M,3.100M,7.970M
24-Jan-19,11:00,7.970M,-0.042M,-2.683M
16-Jan-19,10:30,-2.683M,-1.323M,-1.680M
9-Jan-19,10:30,-1.680M,-2.400M,0.007M
4-Jan-19,11:00,0.007M,-3.086M,-0.046M
28-Dec-18,11:00,-0.046M,-2.869M,-0.497M
19-Dec-18,10:30,-0.497M,-2.437M,-1.208M
12-Dec-18,10:30,-1.208M,-2.990M,-7.323M
6-Dec-18,11:00,-7.323M,-0.942M,3.577M
28-Nov-18,10:30,3.577M,0.769M,4.851M
21-Nov-18,10:30,4.851M,2.500M,10.270M
15-Nov-18,11:00,10.270M,3.182M,5.783M
7-Nov-18,10:30,5.783M,2.433M,3.217M
31-Oct-18,9:30,3.217M,4.110M,6.346M
24-Oct-18,9:30,6.346M,3.694M,6.490M
17-Oct-18,9:30,6.490M,1.600M,5.987M
11-Oct-18,10:00,5.987M,2.620M,7.975M
3-Oct-18,9:30,7.975M,1.985M,1.852M
26-Sep-18,9:30,1.852M,-1.279M,-2.057M
19-Sep-18,9:30,-2.057M,-2.741M,-5.296M
12-Sep-18,9:30,-5.296M,-1.300M,-4.302M
6-Sep-18,10:00,-4.302M,-1.294M,-2.566M
29-Aug-18,9:30,-2.566M,-0.686M,-5.836M
22-Aug-18,9:30,-5.836M,-1.497M,6.805M
15-Aug-18,9:30,6.805M,-2.499M,-1.351M
8-Aug-18,9:30,-1.351M,-2.800M,3.803M
1-Aug-18,9:30,3.803M,-2.794M,-6.147M
25-Jul-18,9:30,-6.147M,-2.600M,5.836M
18-Jul-18,9:30,5.836M,-3.622M,-12.633M
11-Jul-18,9:30,-12.633M,-4.489M,1.245M
5-Jul-18,10:00,1.245M,-5.200M,-9.891M
27-Jun-18,9:30,-9.891M,-2.572M,-5.914M
20-Jun-18,9:30,-5.914M,-2.100M,-4.143M
13-Jun-18,9:30,-4.143M,-1.440M,2.072M
6-Jun-18,9:30,2.072M,-2.000M,-3.620M
31-May-18,10:00,-3.620M,-0.400M,5.778M
23-May-18,9:30,5.778M,-1.567M,-1.404M
16-May-18,9:30,-1.404M,-0.763M,-2.197M
9-May-18,9:30,-2.197M,-0.200M,6.218M
2-May-18,9:30,6.218M,0.739M,2.170M
25-Apr-18,9:30,2.170M,-1.600M,-1.071M
18-Apr-18,9:30,-1.071M,-0.500M,3.306M
11-Apr-18,9:30,3.306M,-0.600M,-4.617M
4-Apr-18,9:30,-4.617M,1.400M,1.643M
28-Mar-18,9:30,1.643M,-0.287M,-2.622M
21-Mar-18,9:30,-2.622M,2.600M,5.022M
14-Mar-18,9:30,5.022M,2.023M,2.408M
7-Mar-18,10:30,2.408M,2.723M,3.019M
28-Feb-18,10:30,3.019M,2.400M,-1.616M
22-Feb-18,11:00,-1.616M,1.795M,1.841M
14-Feb-18,10:30,1.841M,2.825M,1.895M
7-Feb-18,10:30,1.895M,3.189M,6.776M
31-Jan-18,10:30,6.776M,0.126M,-1.071M
24-Jan-18,10:30,-1.071M,-1.000M,-6.861M
18-Jan-18,11:00,-6.861M,-3.536M,-4.948M
10-Jan-18,10:30,-4.948M,-3.890M,-7.419M
4-Jan-18,11:00,-7.419M,-5.148M,-4.609M
28-Dec-17,11:00,-4.609M,-3.970M,-6.495M
20-Dec-17,10:30,-6.495M,-3.769M,-5.117M
13-Dec-17,10:30,-5.117M,-3.759M,-5.610M
6-Dec-17,10:30,-5.610M,-3.404M,-3.429M
29-Nov-17,10:30,-3.429M,-2.301M,-1.855M
22-Nov-17,10:30,-1.855M,-1.545M,1.854M
15-Nov-17,10:30,1.854M,-2.200M,2.237M
8-Nov-17,10:30,2.237M,-2.876M,-2.435M
1-Nov-17,9:30,-2.435M,-1.756M,0.856M
25-Oct-17,9:30,0.856M,-2.578M,-5.731M
18-Oct-17,9:30,-5.731M,-4.242M,-2.747M
12-Oct-17,10:00,-2.747M,-1.991M,-6.023M
4-Oct-17,9:30,-6.023M,-0.756M,-1.846M
27-Sep-17,9:30,-1.846M,3.422M,4.591M
20-Sep-17,9:30,4.591M,3.493M,5.888M
13-Sep-17,9:30,5.888M,3.238M,4.580M
7-Sep-17,10:00,4.580M,4.022M,-5.392M
30-Aug-17,9:30,-5.392M,-1.908M,-3.327M
23-Aug-17,9:30,-3.327M,-3.450M,-8.945M
16-Aug-17,9:30,-8.945M,-3.058M,-6.451M
9-Aug-17,9:30,-6.451M,-2.720M,-1.527M
2-Aug-17,9:30,-1.527M,-2.957M,-7.208M
26-Jul-17,9:30,-7.208M,-2.629M,-4.727M
19-Jul-17,9:30,-4.727M,-3.214M,-7.564M
12-Jul-17,9:30,-7.564M,-2.850M,-6.299M
6-Jul-17,10:00,-6.299M,-2.283M,0.118M
28-Jun-17,9:30,0.118M,-2.585M,-2.451M
21-Jun-17,9:30,-2.451M,-2.106M,-1.661M
14-Jun-17,9:30,-1.661M,-2.739M,3.295M
7-Jun-17,9:30,3.295M,-3.464M,-6.428M
1-Jun-17,10:00,-6.428M,-2.517M,-4.432M
24-May-17,9:30,-4.432M,-2.419M,-1.753M
17-May-17,9:30,-1.753M,-2.360M,-5.247M
10-May-17,9:30,-5.247M,-1.786M,-0.930M
3-May-17,9:30,-0.930M,-2.333M,-3.641M
26-Apr-17,9:30,-3.641M,-1.661M,-1.034M
19-Apr-17,9:30,-1.034M,-1.470M,-2.166M
12-Apr-17,9:30,-2.166M,0.087M,1.566M
5-Apr-17,9:30,1.566M,-0.435M,0.867M
29-Mar-17,9:30,0.867M,1.357M,4.954M
22-Mar-17,9:30,4.954M,2.801M,-0.237M
15-Mar-17,9:30,-0.237M,3.713M,8.209M
8-Mar-17,10:30,8.209M,1.967M,1.501M
1-Mar-17,10:30,1.501M,3.079M,0.564M
23-Feb-17,11:00,0.564M,3.475M,9.527M
15-Feb-17,10:30,9.527M,3.513M,13.830M
8-Feb-17,10:30,13.830M,2.529M,6.466M
1-Feb-17,10:30,6.466M,3.289M,2.840M
25-Jan-17,10:30,2.840M,2.815M,2.347M
19-Jan-17,11:00,2.347M,-0.342M,4.097M
11-Jan-17,10:30,4.097M,1.162M,-7.051M
5-Jan-17,11:00,-7.051M,-2.152M,0.614M
29-Dec-16,11:00,0.614M,-2.060M,2.256M
21-Dec-16,10:30,2.256M,-2.515M,-2.563M
14-Dec-16,10:30,-2.563M,-1.584M,-2.389M
7-Dec-16,10:30,-2.389M,-1.032M,-0.884M
30-Nov-16,10:30,-0.884M,0.636M,-1.255M
23-Nov-16,10:30,-1.255M,0.671M,5.274M
16-Nov-16,10:30,5.274M,1.480M,2.432M
9-Nov-16,10:30,2.432M,1.330M,14.420M
2-Nov-16,9:30,14.420M,1.013M,-0.553M
26-Oct-16,9:30,-0.553M,1.699M,-5.200M
19-Oct-16,9:30,-5.247M,2.705M,4.900M
13-Oct-16,10:00,4.900M,0.650M,-2.976M
5-Oct-16,9:30,-2.976M,2.560M,-1.882M
28-Sep-16,9:30,-1.882M,2.995M,-6.200M
21-Sep-16,9:30,-6.200M,3.350M,-0.559M
14-Sep-16,9:30,-0.559M,3.800M,-14.513M
8-Sep-16,10:00,-14.513M,0.225M,2.276M
31-Aug-16,9:30,2.276M,0.921M,2.501M
24-Aug-16,9:30,2.501M,-0.455M,-2.508M
17-Aug-16,9:30,-2.508M,0.522M,1.055M
10-Aug-16,9:30,1.055M,-1.025M,1.413M
3-Aug-16,9:30,1.413M,-1.363M,1.671M
27-Jul-16,9:30,1.671M,-2.257M,-2.342M
20-Jul-16,9:30,-2.342M,-2.100M,-2.546M
13-Jul-16,9:30,-2.546M,-2.950M,-2.223M
7-Jul-16,10:00,-2.223M,-2.250M,-4.053M
29-Jun-16,9:30,-4.053M,-2.365M,-0.917M
22-Jun-16,9:30,-0.917M,-1.671M,-0.933M
15-Jun-16,9:30,-0.933M,-2.260M,-3.226M
8-Jun-16,9:30,-3.226M,-2.740M,-1.366M
2-Jun-16,10:00,-1.366M,-2.490M,-4.226M
25-May-16,9:30,-4.226M,-2.450M,1.310M
18-May-16,9:30,1.310M,-2.833M,-3.410M
11-May-16,9:30,-3.410M,0.714M,2.784M
4-May-16,9:30,2.784M,1.695M,1.999M
27-Apr-16,9:30,1.999M,2.366M,2.080M
20-Apr-16,9:30,2.080M,2.400M,6.634M
13-Apr-16,9:30,6.634M,1.850M,-4.937M
6-Apr-16,9:30,-4.937M,3.150M,2.299M
30-Mar-16,9:30,2.299M,3.300M,9.357M
23-Mar-16,9:30,9.357M,3.090M,1.317M
16-Mar-16,9:30,1.317M,3.414M,3.880M
9-Mar-16,10:30,3.880M,3.867M,10.374M
2-Mar-16,10:30,10.374M,3.604M,3.502M
24-Feb-16,10:30,3.502M,3.427M,2.147M
18-Feb-16,11:00,2.147M,3.920M,-0.754M
10-Feb-16,10:30,-0.754M,3.550M,7.792M
3-Feb-16,10:30,7.792M,4.760M,8.383M
27-Jan-16,10:30,8.383M,3.277M,3.979M
21-Jan-16,11:00,3.979M,2.811M,0.234M
13-Jan-16,10:30,0.234M,2.504M,-5.085M
6-Jan-16,10:30,-5.085M,0.439M,2.629M
30-Dec-15,10:30,2.629M,-2.457M,-5.877M
23-Dec-15,10:30,-5.877M,1.083M,4.801M
16-Dec-15,10:30,4.801M,-1.417M,-3.568M
9-Dec-15,10:30,-3.568M,0.252M,1.177M
2-Dec-15,10:30,1.177M,-0.471M,0.961M
25-Nov-15,10:30,0.961M,1.200M,0.252M
18-Nov-15,10:30,0.252M,1.900M,4.224M
12-Nov-15,11:00,4.224M,1.016M,2.847M
4-Nov-15,10:30,2.847M,2.787M,3.376M
28-Oct-15,9:30,3.376M,3.417M,8.028M
21-Oct-15,9:30,8.028M,3.867M,7.562M
15-Oct-15,10:00,7.562M,2.848M,3.073M
7-Oct-15,9:30,3.073M,2.200M,3.955M
30-Sep-15,9:30,3.955M,0.102M,-1.925M
23-Sep-15,9:30,-1.925M,-0.533M,-2.104M
16-Sep-15,9:30,-2.104M,1.173M,2.570M
10-Sep-15,10:00,2.570M,0.933M,4.667M
2-Sep-15,9:30,4.667M,0.032M,-5.452M
26-Aug-15,9:30,-5.452M,1.022M,2.620M
19-Aug-15,9:30,2.620M,-0.777M,-1.682M
12-Aug-15,9:30,-1.682M,-1.817M,-4.407M
5-Aug-15,9:30,-4.407M,-1.494M,-4.203M
29-Jul-15,9:30,-4.203M,-0.184M,2.468M
22-Jul-15,9:30,2.468M,-2.258M,-4.346M
15-Jul-15,9:30,-4.346M,-1.158M,0.384M
8-Jul-15,9:30,0.384M,-0.700M,2.386M
1-Jul-15,9:30,2.386M,-2.000M,-4.934M
24-Jun-15,9:30,-4.934M,-2.100M,-2.676M
17-Jun-15,9:30,-2.676M,-1.657M,-6.812M
10-Jun-15,9:30,-6.812M,-1.720M,-1.948M
3-Jun-15,9:30,-1.948M,-1.700M,-2.802M
28-May-15,10:00,-2.802M,-0.857M,-2.674M
20-May-15,9:30,-2.674M,-1.029M,-2.191M
13-May-15,9:30,-2.191M,0.386M,-3.882M
6-May-15,9:30,-3.882M,1.500M,1.910M
29-Apr-15,9:30,1.910M,2.300M,5.315M
22-Apr-15,9:30,5.315M,2.888M,1.294M
15-Apr-15,9:30,1.294M,4.057M,10.949M
8-Apr-15,9:30,10.949M,3.429M,4.766M
1-Apr-15,9:30,4.766M,4.193M,8.170M
25-Mar-15,9:30,8.170M,5.133M,9.622M
18-Mar-15,9:30,9.622M,3.750M,4.512M
11-Mar-15,9:30,4.512M,4.436M,10.303M
4-Mar-15,10:30,10.303M,4.157M,8.427M
25-Feb-15,10:30,8.427M,3.983M,7.716M
19-Feb-15,11:00,7.716M,3.233M,4.868M
11-Feb-15,10:30,4.868M,3.733M,6.333M
4-Feb-15,10:30,6.333M,3.467M,8.874M
28-Jan-15,10:30,8.874M,4.080M,10.071M
22-Jan-15,11:00,10.071M,2.617M,5.389M
14-Jan-15,10:30,5.389M,0.417M,-3.062M
7-Jan-15,10:30,-3.062M,0.880M,-1.754M
31-Dec-14,10:30,-1.754M,-0.070M,7.267M
24-Dec-14,10:30,7.267M,-2.280M,-0.847M
17-Dec-14,10:30,-0.847M,-2.360M,1.454M
10-Dec-14,10:30,1.454M,-2.240M,-3.689M
3-Dec-14,10:30,-3.689M,1.300M,1.946M
26-Nov-14,10:30,1.946M,0.467M,2.608M
19-Nov-14,10:30,2.608M,-0.780M,-1.735M
13-Nov-14,11:00,-1.735M,0.750M,0.460M
5-Nov-14,10:30,0.460M,1.900M,2.061M
29-Oct-14,9:30,2.061M,3.371M,7.111M
22-Oct-14,9:30,7.111M,2.686M,8.923M
16-Oct-14,10:00,8.923M,2.783M,5.015M
8-Oct-14,9:30,5.015M,1.533M,-1.363M
1-Oct-14,9:30,-1.363M,0.700M,-4.273M
24-Sep-14,9:30,-4.273M,0.386M,3.673M
17-Sep-14,9:30,3.673M,-1.614M,-0.972M
10-Sep-14,9:30,-0.972M,-1.114M,-0.905M
4-Sep-14,10:00,-0.905M,-1.113M,-2.070M
27-Aug-14,9:30,-2.070M,-1.286M,-4.474M
20-Aug-14,9:30,-4.474M,-1.163M,1.401M
13-Aug-14,9:30,1.401M,-2.029M,-1.756M
6-Aug-14,9:30,-1.756M,-1.711M,-3.697M
30-Jul-14,9:30,-3.697M,-1.471M,-3.969M
23-Jul-14,9:30,-3.969M,-2.786M,-7.525M
16-Jul-14,9:30,-7.525M,-2.086M,-2.370M
9-Jul-14,9:30,-2.370M,-2.150M,-3.155M
2-Jul-14,9:30,-3.155M,-2.229M,1.742M
25-Jun-14,9:30,1.742M,-1.557M,-0.579M
18-Jun-14,9:30,-0.579M,-0.650M,-2.596M
11-Jun-14,9:30,-2.596M,-1.871M,-3.431M
4-Jun-14,9:30,-3.431M,-0.271M,1.657M
29-May-14,10:00,1.657M,0.483M,-7.226M
21-May-14,9:30,-7.226M,0.750M,0.947M
14-May-14,9:30,0.947M,-0.100M,-1.781M
7-May-14,9:30,-1.781M,1.417M,1.698M
30-Apr-14,9:30,1.698M,2.367M,3.524M
23-Apr-14,9:30,3.524M,2.275M,10.013M
16-Apr-14,9:30,10.013M,2.250M,4.030M
9-Apr-14,9:30,4.030M,1.329M,-2.379M
2-Apr-14,9:30,-2.379M,1.086M,6.619M
26-Mar-14,9:30,6.619M,2.743M,5.850M
19-Mar-14,9:30,5.850M,2.608M,6.180M
12-Mar-14,9:30,6.180M,2.150M,1.429M
5-Mar-14,10:30,1.429M,1.333M,0.068M
26-Feb-14,10:30,0.068M,1.236M,0.973M
20-Feb-14,11:00,0.973M,2.013M,3.267M
12-Feb-14,10:30,3.267M,2.650M,0.440M
5-Feb-14,10:30,0.440M,2.300M,6.421M
29-Jan-14,10:30,6.421M,2.338M,0.990M
23-Jan-14,11:00,0.990M,0.588M,-7.658M
15-Jan-14,10:30,-7.658M,-0.613M,-2.675M
8-Jan-14,10:30,-2.675M,-0.894M,-7.007M
3-Jan-14,11:00,-7.007M,-2.975M,-4.731M
27-Dec-13,11:00,-4.731M,-2.320M,-2.941M
18-Dec-13,10:30,-2.941M,-2.300M,-10.585M
11-Dec-13,10:30,-10.585M,-2.950M,-5.585M
4-Dec-13,10:30,-5.585M,-0.500M,2.953M
27-Nov-13,10:30,2.953M,0.606M,0.375M
20-Nov-13,10:30,0.375M,0.900M,2.640M
14-Nov-13,11:00,2.640M,0.994M,1.577M
6-Nov-13,10:30,1.577M,1.631M,4.087M
30-Oct-13,9:30,4.087M,2.233M,5.246M
23-Oct-13,9:30,5.246M,2.938M,3.999M
21-Oct-13,9:30,3.999M,2.164M,6.807M
9-Oct-13,9:30,6.807M,1.486M,5.472M
2-Oct-13,9:30,5.472M,2.265M,2.635M
25-Sep-13,9:30,2.635M,-1.129M,-4.368M
18-Sep-13,9:30,-4.368M,-1.394M,-0.219M
11-Sep-13,9:30,-0.219M,-1.500M,-1.836M
5-Sep-13,10:00,-1.836M,-1.263M,2.986M
28-Aug-13,9:30,2.986M,0.200M,-1.428M
21-Aug-13,9:30,-1.428M,-0.957M,-2.812M
14-Aug-13,9:30,-2.812M,-1.511M,-1.320M
7-Aug-13,9:30,-1.320M,-1.238M,0.431M
31-Jul-13,9:30,0.431M,-2.306M,-2.825M
24-Jul-13,9:30,-2.825M,-2.456M,-6.902M
17-Jul-13,9:30,-6.902M,-2.007M,-9.874M
10-Jul-13,9:30,-9.874M,-3.300M,-10.347M
3-Jul-13,9:30,-10.347M,-2.317M,0.018M
26-Jun-13,9:30,0.018M,-1.690M,0.313M
19-Jun-13,9:30,0.313M,-0.544M,2.523M
12-Jun-13,9:30,2.523M,-0.722M,-6.267M
5-Jun-13,9:30,-6.267M,-0.356M,3.000M
30-May-13,10:00,3.000M,-0.350M,-0.338M
22-May-13,9:30,-0.338M,-0.778M,-0.624M
15-May-13,9:30,-0.624M,0.330M,0.230M
8-May-13,9:30,0.230M,1.905M,6.696M
1-May-13,9:30,6.696M,1.013M,0.947M
24-Apr-13,9:30,0.947M,1.513M,-1.233M
17-Apr-13,9:30,-1.233M,1.350M,0.250M
10-Apr-13,9:30,0.250M,1.400M,2.707M
3-Apr-13,9:30,2.707M,2.200M,3.256M
27-Mar-13,9:30,3.256M,0.705M,-1.314M
20-Mar-13,9:30,-1.314M,2.017M,2.624M
13-Mar-13,9:30,2.624M,2.338M,3.833M
6-Mar-13,10:30,3.833M,0.526M,1.130M
27-Feb-13,10:30,1.130M,2.413M,4.143M
21-Feb-13,11:00,4.143M,1.800M,0.560M
13-Feb-13,10:30,0.560M,2.350M,2.623M
6-Feb-13,10:30,2.623M,2.771M,5.947M
30-Jan-13,10:30,5.947M,2.583M,2.813M
24-Jan-13,11:00,2.813M,1.750M,-0.951M
16-Jan-13,10:30,-0.951M,2.271M,1.314M
9-Jan-13,10:30,1.314M,1.469M,-11.120M
4-Jan-13,11:00,-11.120M,-0.919M,-0.586M
28-Dec-12,11:00,-0.586M,-1.857M,-0.964M
19-Dec-12,10:30,-0.964M,-1.122M,0.843M
12-Dec-12,10:30,0.843M,-2.343M,-2.357M
5-Dec-12,10:30,-2.357M,-0.322M,-0.347M
28-Nov-12,10:30,-0.347M,0.317M,-1.466M
21-Nov-12,10:30,-1.466M,0.940M,1.089M
15-Nov-12,11:00,1.089M,1.943M,1.766M
7-Nov-12,10:30,1.766M,1.810M,-2.045M
1-Nov-12,10:00,-2.045M,1.506M,5.896M
24-Oct-12,9:30,5.896M,1.886M,2.860M
17-Oct-12,9:30,2.860M,1.675M,1.672M
11-Oct-12,10:00,1.672M,0.780M,-0.482M
3-Oct-12,9:30,-0.482M,1.535M,-2.446M
26-Sep-12,9:30,-2.446M,0.920M,8.534M
19-Sep-12,9:30,8.534M,1.000M,1.994M
12-Sep-12,9:30,1.994M,-2.588M,-7.426M
6-Sep-12,10:00,-7.426M,-5.325M,3.778M
29-Aug-12,9:30,3.778M,-1.480M,-5.412M
22-Aug-12,9:30,-5.412M,-0.413M,-3.699M
15-Aug-12,9:30,-3.699M,-1.730M,-3.729M
8-Aug-12,9:30,-3.729M,-0.267M,-6.522M
1-Aug-12,9:30,-6.522M,-0.709M,2.717M
25-Jul-12,9:30,2.717M,-0.650M,-0.809M
18-Jul-12,9:30,-0.809M,-1.150M,-4.696M
11-Jul-12,9:30,-4.696M,-1.156M,-4.270M
5-Jul-12,10:00,-4.270M,-1.929M,-0.133M
27-Jun-12,9:30,-0.133M,-0.450M,2.861M
20-Jun-12,9:30,2.861M,-1.110M,-0.191M
13-Jun-12,9:30,-0.191M,-1.411M,-0.111M
6-Jun-12,9:30,-0.111M,-0.488M,2.213M
31-May-12,10:00,2.213M,0.558M,0.883M
23-May-12,9:30,0.883M,0.950M,2.128M
16-May-12,9:30,2.128M,1.736M,3.652M
9-May-12,9:30,3.652M,1.971M,2.840M
2-May-12,9:30,2.840M,2.489M,3.978M
25-Apr-12,9:30,3.978M,2.650M,3.856M
18-Apr-12,9:30,3.856M,1.363M,2.791M
11-Apr-12,9:30,2.791M,2.125M,9.009M
4-Apr-12,9:30,9.009M,2.214M,7.102M
28-Mar-12,9:30,7.100M,2.500M,-1.200M
21-Mar-12,9:30,-1.200M,2.200M,1.800M
14-Mar-12,9:30,1.800M,2.000M,0.800M
7-Mar-12,10:30,0.800M,1.500M,4.200M
29-Feb-12,10:30,4.200M,1.200M,1.600M
23-Feb-12,11:00,1.600M,1.000M,-0.200M
15-Feb-12,10:30,-0.200M,1.700M,0.300M
8-Feb-12,10:30,0.300M,2.500M,4.200M
1-Feb-12,10:30,4.200M,3.000M,3.600M
25-Jan-12,10:30,3.600M,0.900M,-3.400M
19-Jan-12,11:00,-3.400M,2.900M,5.000M
11-Jan-12,10:30,5.000M,1.000M,2.200M
5-Jan-12,11:00,2.200M,-1.200M,3.900M
29-Dec-11,11:00,3.900M,-2.500M,-10.600M
21-Dec-11,10:30,-10.600M,-2.400M,-1.900M
14-Dec-11,10:30,-1.900M,-2.000M,1.300M
7-Dec-11,10:30,1.300M,-1.100M,3.900M
30-Nov-11,10:30,3.900M,1.000M,-6.200M
23-Nov-11,10:30,-6.200M,-0.500M,-1.100M
16-Nov-11,10:30,-1.100M,-1.200M,-1.400M
9-Nov-11,10:30,-1.400M,0.500M,1.800M
2-Nov-11,9:30,1.800M,1.200M,4.700M
26-Oct-11,9:30,4.700M,0.800M,-4.700M
19-Oct-11,9:30,-4.700M,1.800M,1.300M
13-Oct-11,10:00,1.300M,0.800M,-4.700M
5-Oct-11,9:30,-4.700M,1.500M,1.900M
28-Sep-11,9:30,1.900M,1.000M,-7.300M
21-Sep-11,9:30,-7.300M,-1.500M,-6.700M
14-Sep-11,9:30,-6.700M,-3.000M,-4.000M
8-Sep-11,10:00,-4.000M,-2.200M,5.300M
31-Aug-11,9:30,5.300M,0.900M,-2.200M
24-Aug-11,9:30,-2.200M,0.800M,4.200M
17-Aug-11,9:30,4.200M,-0.500M,-5.200M
10-Aug-11,9:30,-5.200M,1.500M,1.000M
3-Aug-11,9:30,1.000M,1.500M,2.300M
27-Jul-11,9:30,2.300M,-1.500M,-3.700M
20-Jul-11,9:30,-3.700M,-1.500M,-3.100M
13-Jul-11,9:30,-3.100M,-2.000M,-0.900M
7-Jul-11,10:00,-0.900M,-2.500M,-4.400M
29-Jun-11,9:30,-4.400M,-1.500M,-1.700M
22-Jun-11,9:30,-1.700M,-1.600M,-3.400M
15-Jun-11,9:30,-3.400M,-1.500M,-4.800M
8-Jun-11,9:30,-4.800M,-1.500M,2.900M
2-Jun-11,10:00,2.900M,-1.800M,0.600M
25-May-11,9:30,0.600M,-1.600M,0.000M
18-May-11,9:30,0.000M,1.500M,3.800M
11-May-11,9:30,3.800M,1.100M,3.400M
4-May-11,9:30,3.400M,1.900M,6.200M
27-Apr-11,9:30,6.200M,1.500M,-2.300M
20-Apr-11,9:30,-2.300M,0.700M,1.600M
13-Apr-11,9:30,1.600M,1.000M,2.000M
6-Apr-11,9:30,2.000M,1.300M,2.900M
30-Mar-11,9:30,2.900M,2.000M,2.100M
23-Mar-11,9:30,2.100M,2.000M,1.700M
16-Mar-11,9:30,1.700M,1.800M,2.500M
9-Mar-11,10:30,2.500M,1.100M,-0.400M
